{"cameraMode":{"drawMode":0,"name":"Shaded","section":"Shading Mode"},"sceneLighting":true,"audioPlay":false,"sceneViewState":{"showFog":true,"showMaterialUpdate":false,"showSkybox":true,"showFlares":true,"showImageEffects":true,"showParticleSystems":true},"in2DMode":false,"pivot":{"x":0.3798494338989258,"y":-0.13483953475952149,"z":-9.370159149169922},"rotation":{"x":0.04320298135280609,"y":0.9548138380050659,"z":-0.1740526407957077,"w":0.23700222373008729},"size":10.0,"orthographic":false}